opportunityId,StageID,stage_category,new_opportunity_days,qualified_opp_days,demo_complete_days,proposal_sent_days,pending_signature_days,nurture_days,closed_won_days,closed_lost,origin_date,create_date,start_date,clost_date,Estimated_Contract_Value,Company,Full_License_Count,crm_license_count,ready_only_count,FDC_Needed,total_livecycle,qualification_days_from_start,first_demo_days_from_start,ForeCastCategory,FirmSize,uses_count,lead_sales
981948,7,won,0,0,0,0,0,0,0,0,2016-05-12 00:00:00.0,2016-05-26 16:09:10.94,2016-05-12 00:00:00.0,2016-05-28 00:00:00.0,2160.0000,2rw Consultants Upsell,0,0,0,false,2,0,-15,Commit,0,1,Veeravalli
977958,7,won,0,0,0,0,0,0,0,0,2016-05-18 16:20:59.4,2016-05-18 16:20:59.4,,2016-03-21 00:00:00.0,2500.0000,"Herrero Builders, Inc. Cosential/Vista by Viewpoint Financial Data Connector",0,0,0,false,-58,0,0,Commit,0,3,Rademacher
972101,7,won,0,0,0,0,22,0,0,0,2016-05-03 10:05:09.28,2016-05-03 10:05:09.28,2016-05-12 00:00:00.0,2016-05-28 00:00:00.0,785.0000,Johnson Carlier Upsell,0,0,0,false,25,0,8,Best Case,0,1,Veeravalli
971734,11,lost,0,0,0,0,0,0,0,6,2016-05-02 13:08:32.153,2016-05-02 13:08:32.153,2016-05-06 00:00:00.0,2016-05-09 11:32:33.987,0.0000,Palace Construction,0,0,0,false,7,0,0,none,0,0,
969817,7,won,0,0,0,0,0,0,0,0,2016-04-13 00:00:00.0,2016-04-27 12:05:36.633,2016-04-13 00:00:00.0,2016-05-28 00:00:00.0,2280.0000,Brinkmann Constructors Upsell,0,0,0,false,31,0,-21,Commit,0,1,Veeravalli
967155,7,won,0,4,0,0,0,0,0,0,2016-04-21 09:00:31.073,2016-04-21 09:00:31.073,2016-04-22 00:00:00.0,2016-05-11 00:00:00.0,7700.0000,Wieland-Davco Corporation,0,0,0,false,20,0,7,Commit,0,3,Reyna
966663,7,won,0,0,0,0,0,0,0,0,2016-04-19 00:00:00.0,2016-04-20 09:55:09.06,2016-04-19 00:00:00.0,2016-04-21 00:00:00.0,5760.0000,KFW Engineers & Surveying,0,0,0,false,1,0,-19,Commit,0,3,Hughes
961445,7,won,0,0,0,0,0,0,0,0,2016-04-11 09:43:08.31,2016-04-11 09:43:08.31,2016-05-25 00:00:00.0,2016-05-28 00:00:00.0,1440.0000,Sellen Construction Upsell,0,0,0,false,47,0,30,Commit,0,1,Veeravalli
961433,11,lost,0,0,0,0,0,0,0,44,2016-04-11 09:27:04.317,2016-04-11 09:27:04.317,,2016-05-31 00:00:00.0,1440.0000,RMW Architecture Upsell,0,0,0,false,50,0,0,none,0,0,Veeravalli
961428,11,lost,0,0,0,0,0,0,0,44,2016-04-11 09:18:43.49,2016-04-11 09:18:43.49,,2016-05-31 00:00:00.0,2160.0000,MAPP Construction Upsell,0,0,0,false,50,0,0,none,0,0,Veeravalli
961199,7,won,0,0,0,0,0,0,0,0,2016-04-08 15:01:08.707,2016-04-08 15:01:08.707,2016-04-11 00:00:00.0,2016-04-29 00:00:00.0,6260.0000,Harkins Ready Mix,0,0,0,false,21,0,5,Commit,0,3,Reyna
961030,11,lost,0,0,0,18,0,0,0,15,2016-04-08 11:27:04.06,2016-04-08 11:27:04.06,2016-04-13 00:00:00.0,2016-05-31 00:00:00.0,5000.0000,Top Gard LLC,3,0,0,false,53,0,5,Pipeline,0,2,Hughes
959158,7,won,0,0,0,0,0,0,0,0,2016-04-04 16:39:01.513,2016-04-04 16:39:01.513,2016-05-05 00:00:00.0,2016-05-28 00:00:00.0,2160.0000,FCI Constructors Upsell,0,0,0,false,54,0,29,Commit,0,1,Veeravalli
959154,11,lost,0,0,0,0,0,0,0,50,2016-04-04 16:36:46.09,2016-04-04 16:36:46.09,,2016-05-31 00:00:00.0,540.0000,Corval Group Upsell,0,0,0,false,57,0,0,none,0,0,Veeravalli
958479,7,won,0,0,6,0,0,0,0,0,2016-04-01 00:00:00.0,2016-04-01 13:39:16.823,2016-04-01 00:00:00.0,2016-04-08 00:00:00.0,3800.0000,Palmisano Contractors,0,0,0,false,7,0,6,none,0,3,Reyna
957893,11,lost,0,0,0,0,0,0,0,0,2016-03-31 00:00:00.0,2016-03-31 10:27:33.547,2016-03-31 00:00:00.0,2016-07-31 00:00:00.0,30000.0000,Baker Roofing Company,0,0,0,false,122,0,4,none,0,3,Reyna
957294,9,lost,0,0,0,0,0,0,10,0,2016-03-30 00:00:00.0,2016-03-30 09:59:01.333,2016-03-30 00:00:00.0,2016-05-31 00:00:00.0,26200.0000,BRACE Industrial Group,0,0,0,false,62,0,7,none,0,3,Reyna
956847,7,won,0,0,0,24,11,0,0,0,2016-03-29 10:46:48.33,2016-03-29 10:46:48.33,2016-04-12 00:00:00.0,2016-05-04 00:00:00.0,7320.0000,Caddell Construction - Via Raymond Braswell,0,0,0,false,36,0,15,Commit,101-300,3,Hughes
955761,7,won,0,0,0,0,0,0,0,0,2016-03-25 11:26:04.61,2016-03-25 11:26:04.61,,2016-03-31 00:00:00.0,7560.0000,Streib Company - Viewpoint Led,0,0,0,false,6,0,0,none,0,3,Hughes
955274,7,won,0,0,4,0,67,0,0,0,2016-03-24 00:00:00.0,2016-03-24 10:52:36.227,2016-03-24 00:00:00.0,2016-06-03 00:00:00.0,8385.0000,Herzog Contracting Corp.,8,0,0,false,71,0,6,Commit,0,3,Hughes
955267,7,won,0,0,0,0,0,0,0,0,2016-03-24 10:43:07.1,2016-03-24 10:43:07.1,2016-03-31 00:00:00.0,2016-03-25 00:00:00.0,1520.0000,Tesco Solutions,0,0,0,false,1,0,0,none,0,2,Reyna
938715,7,won,0,0,0,0,0,0,0,0,2016-03-23 12:52:50.903,2016-03-23 12:52:50.903,,2016-03-29 00:00:00.0,540.0000,Austin Commerical Upsell,1,0,0,false,6,0,0,none,0,0,Veeravalli
937299,7,won,0,0,0,0,20,0,0,0,2016-03-22 16:17:30.357,2016-03-22 16:17:30.357,2016-03-29 00:00:00.0,2016-04-18 00:00:00.0,2840.0000,Illinois Constructors Corporation,0,0,0,false,27,0,27,Commit,0,2,Hughes
937038,11,lost,0,0,0,0,0,0,0,63,2016-03-22 11:14:47.757,2016-03-22 11:14:47.757,2016-03-30 00:00:00.0,2016-05-31 00:00:00.0,4500.0000,Precision Plumbing,0,0,0,false,70,0,2,none,0,2,Reyna
936865,9,lost,0,0,0,0,0,0,43,0,2016-03-21 17:27:42.053,2016-03-21 17:27:42.053,2016-04-05 00:00:00.0,2016-05-04 11:15:41.643,0.0000,GHD,0,0,0,false,44,0,0,none,0,0,
936775,11,lost,0,0,0,0,0,0,0,27,2016-03-21 16:00:47.977,2016-03-21 16:00:47.977,,2016-04-30 00:00:00.0,1000.0000,7gen Construction Upsell,0,0,0,false,40,0,0,none,0,2,Veeravalli
936545,7,won,0,0,9,11,15,0,0,0,2016-03-21 14:21:56.103,2016-03-21 14:21:56.103,2016-03-30 00:00:00.0,2016-05-02 00:00:00.0,4160.0000,Charles C Brandt Construction,0,0,0,false,42,0,14,Commit,0,3,Reyna
936117,7,won,0,0,0,0,0,0,0,0,2016-03-18 17:31:49.9,2016-03-18 17:31:49.9,2016-03-30 00:00:00.0,2016-04-21 00:00:00.0,7220.0000,Sherwood Design Engineers - Re-Sell (Past Client),0,0,0,false,34,0,-66,Commit,0,3,Hughes
935517,7,won,0,0,1,0,0,0,0,0,2016-03-17 13:45:46.017,2016-03-17 13:45:46.017,2016-03-22 00:00:00.0,2016-03-31 00:00:00.0,4840.0000,LCD Construction,0,0,0,false,14,0,7,none,0,3,Reyna
935230,7,won,0,0,0,0,0,0,0,0,2016-03-16 16:54:54.847,2016-03-16 16:54:54.847,2016-05-18 00:00:00.0,2016-05-28 00:00:00.0,1110.0000,Wilson Construction Upsell,3,0,1,false,73,0,56,Commit,0,1,Veeravalli
932940,9,lost,0,0,32,0,0,0,12,0,2016-03-10 00:00:00.0,2016-03-10 15:15:36.703,2016-03-10 00:00:00.0,2016-05-31 00:00:00.0,5800.0000,"J. Uno  and  Associates, Inc.",0,0,0,false,82,0,22,none,1-30,3,Reyna
932764,9,lost,0,0,0,0,0,0,40,0,2016-03-10 12:07:39.973,2016-03-10 12:07:39.973,2016-03-30 00:00:00.0,2016-04-29 00:00:00.0,3800.0000,Poma Construction,0,0,0,false,50,0,4,none,0,3,Reyna
932659,7,won,0,0,0,0,0,0,0,0,2016-03-10 09:50:59.537,2016-03-10 09:50:59.537,2016-03-30 00:00:00.0,2016-03-31 00:00:00.0,5700.0000,"Crimson Engineering Associates, Inc.",0,0,0,false,21,0,12,none,0,3,Reyna
931611,7,won,0,0,0,8,0,0,0,0,2016-03-08 00:00:00.0,2016-03-08 16:21:35.99,2016-03-08 00:00:00.0,2016-03-23 00:00:00.0,3380.0000,Buttcon Limited,0,0,0,false,15,0,9,none,0,3,Hughes
931296,7,won,0,2,0,0,0,0,0,0,2016-03-08 09:50:27.887,2016-03-08 09:50:27.887,2016-03-10 00:00:00.0,2016-05-27 00:00:00.0,3440.0000,Hernandez Construction,0,0,0,false,80,0,36,Commit,0,1,Hughes
930228,7,won,0,0,0,0,0,0,0,0,2016-03-04 14:31:45.6,2016-03-04 14:31:45.6,,2016-03-05 00:00:00.0,1880.0000,Metric Environmental - Shrewsberry spin out company,0,0,0,false,1,0,0,none,0,2,Cornish
929507,7,won,0,0,0,0,0,0,0,0,2016-03-03 10:55:55.637,2016-03-03 10:55:55.637,,2016-03-16 00:00:00.0,4860.0000,Duplantis Design Group Upsell,9,0,0,false,13,0,0,none,0,2,Veeravalli
928442,7,won,0,0,3,19,0,0,0,0,2016-03-01 11:07:09.463,2016-03-01 11:07:09.463,2016-03-30 00:00:00.0,2016-04-08 00:00:00.0,4195.0000,Ridgemont Commercial Construction,0,0,0,false,38,0,17,none,0,3,Reyna
928362,7,won,0,0,0,0,0,0,0,0,2016-03-01 10:06:38.097,2016-03-01 10:06:38.097,,2016-04-08 00:00:00.0,3600.0000,Hord Coplan Macht Upsell,5,0,0,false,38,0,0,none,0,1,Veeravalli
927868,7,won,0,0,0,0,2,0,0,0,2016-02-29 00:00:00.0,2016-02-29 11:06:29.777,2016-02-29 00:00:00.0,2016-04-07 00:00:00.0,4160.0000,Sky Blue Builders,0,0,0,false,38,0,2,none,0,3,Reyna
927788,7,won,0,0,4,0,0,0,0,0,2016-02-29 00:00:00.0,2016-02-29 09:27:13.977,2016-02-29 00:00:00.0,2016-03-18 00:00:00.0,7080.0000,"Plath & Company, Inc",0,0,0,false,18,0,9,none,1-30,3,Reyna
927779,7,won,0,0,0,0,0,0,0,0,2016-02-29 09:10:10.52,2016-02-29 09:10:10.52,2016-03-15 00:00:00.0,2016-03-11 00:00:00.0,4300.0000,H.C. Pody,0,0,0,false,11,0,0,none,0,3,Reyna
926396,7,won,0,0,5,0,13,0,0,0,2016-02-25 10:55:44.167,2016-02-25 10:55:44.167,2016-02-29 00:00:00.0,2016-03-16 00:00:00.0,3000.0000,New England Specialty Concrete,0,0,0,false,20,0,6,none,0,2,Reyna
926230,7,won,0,4,1,48,5,0,0,0,2016-02-24 17:39:31.687,2016-02-24 17:39:31.687,2016-02-26 00:00:00.0,2016-05-03 00:00:00.0,9425.0000,"Ragnar Benson Construction, LLC",0,0,0,false,69,0,15,Commit,0,1,Hughes
925806,7,won,0,0,0,0,0,0,0,0,2016-02-24 10:59:42.467,2016-02-24 10:59:42.467,,2016-04-19 00:00:00.0,600.0000,Chandos Construction Upsell,0,0,0,false,55,0,0,none,0,1,Hughes
925731,7,won,0,0,5,0,0,0,0,0,2016-02-24 10:37:48.45,2016-02-24 10:37:48.45,2016-04-29 00:00:00.0,2016-04-05 00:00:00.0,3400.0000,"PKF-Mark III, Inc.",0,0,0,false,41,0,5,none,0,2,Reyna
925615,7,won,0,0,0,0,0,0,0,0,2016-02-23 00:00:00.0,2016-02-23 19:18:06.567,2016-02-23 00:00:00.0,2016-03-07 00:00:00.0,7880.0000,Aerotech Mapping Inc.,0,0,0,false,13,0,0,none,0,2,Hughes
925483,7,won,0,0,7,0,42,0,0,0,2016-02-23 15:07:43.273,2016-02-23 15:07:43.273,2016-02-26 00:00:00.0,2016-04-20 00:00:00.0,5920.0000,Cleary Zimmermann Engineers,0,0,0,true,57,0,35,Commit,0,3,Hughes
925256,7,won,0,0,2,0,0,0,0,0,2016-02-23 00:00:00.0,2016-02-23 10:49:50.167,2016-02-23 00:00:00.0,2016-03-02 00:00:00.0,13400.0000,McCownGordon Construction,0,0,0,false,8,0,3,none,0,3,Reyna
924232,7,won,0,0,0,0,39,0,0,0,2016-02-19 12:40:33.603,2016-02-19 12:40:33.603,,2016-04-18 00:00:00.0,1500.0000,Jaster-Quintanilla (145) Deltek/Cosential Financial Data Connector [NEW 2016],0,0,0,false,59,0,0,none,0,1,Hughes
922513,7,won,0,0,0,0,0,0,0,0,2016-02-16 00:00:00.0,2016-02-16 13:20:31.59,2016-02-16 00:00:00.0,2016-03-30 00:00:00.0,28450.0000,CSI Electrical,0,0,0,false,43,0,0,none,0,3,Reyna
921891,7,won,0,0,6,0,0,0,0,0,2016-02-16 00:00:00.0,2016-02-16 11:32:05.19,2016-02-16 00:00:00.0,2016-04-18 00:00:00.0,10000.0000,Cardno ( Pilot),0,0,0,false,62,0,6,none,0,2,Reyna
920664,7,won,0,0,7,59,8,0,0,0,2016-02-11 00:00:00.0,2016-02-11 20:25:22.653,2016-02-11 00:00:00.0,2016-04-27 00:00:00.0,6660.0000,Raymond Engineering,0,0,0,false,76,0,8,Commit,0,3,Reyna
920492,7,won,0,0,0,75,0,0,0,0,2016-02-11 00:00:00.0,2016-02-11 14:42:33.867,2016-02-11 00:00:00.0,2016-05-26 00:00:00.0,27000.0000,SPEC service,0,0,0,false,105,0,6,Commit,0,3,Reyna
920053,7,won,0,0,6,2,0,0,0,0,2016-02-10 00:00:00.0,2016-02-10 16:32:22.68,2016-02-10 00:00:00.0,2016-04-08 00:00:00.0,9760.0000,"Armstrong Consultants, Inc.",0,0,0,false,58,0,9,none,31-100,3,Reyna
919327,11,lost,0,8,0,0,0,0,0,0,2016-02-09 12:18:37.07,2016-02-09 12:18:37.07,2016-02-17 00:00:00.0,2016-05-06 16:05:58.79,0.0000,Agbayani Construction Corporation,0,0,0,false,87,0,0,none,0,0,Reyna
918997,11,lost,0,0,0,0,0,0,0,17,2016-02-08 16:11:54.307,2016-02-08 16:11:54.307,,2016-02-29 00:00:00.0,1440.0000,NEFCO Upsell,2,0,0,false,21,0,0,none,0,0,Veeravalli
918989,11,lost,0,0,0,0,0,0,0,27,2016-02-08 16:06:50.52,2016-02-08 16:06:50.52,,2016-03-31 00:00:00.0,7920.0000,SD Deacon Upsell,11,0,0,false,52,0,0,none,0,0,Veeravalli
918655,7,won,0,0,0,0,0,0,0,0,2016-02-08 09:45:01.997,2016-02-08 09:45:01.997,,2016-04-19 00:00:00.0,14400.0000,Slack & Co Upsell,10,0,0,false,71,0,0,none,0,2,Veeravalli
918653,7,won,0,0,0,0,0,0,0,0,2016-02-08 09:42:36.633,2016-02-08 09:42:36.633,,2016-04-08 00:00:00.0,720.0000,Skiles Group Upsell,1,0,0,false,60,0,0,none,0,2,Veeravalli
918645,7,won,0,0,0,0,56,0,0,0,2016-02-08 09:35:45.173,2016-02-08 09:35:45.173,,2016-05-10 00:00:00.0,8940.0000,HMFH Architects Upsell,13,0,0,false,92,0,0,Commit,0,1,Veeravalli
918638,7,won,0,0,0,56,0,0,0,0,2016-02-08 09:32:25.257,2016-02-08 09:32:25.257,,2016-04-08 00:00:00.0,3600.0000,Haskell Upsell,8,0,0,false,60,0,0,none,0,1,Veeravalli
918016,9,lost,0,0,0,0,0,0,28,0,2016-02-05 13:01:31.313,2016-02-05 13:01:31.313,2016-02-08 00:00:00.0,2016-03-31 00:00:00.0,5000.0000,Naples Flooring Company,0,0,0,false,55,0,0,none,0,0,Hughes
917707,7,won,0,0,0,0,0,0,0,0,2016-02-04 15:59:12.34,2016-02-04 15:59:12.34,,2016-02-04 15:59:12.34,285.0000,Davenport Upsell,0,0,5,false,0,0,0,none,0,0,Veeravalli
917024,11,lost,0,0,0,0,0,0,0,6,2016-02-03 11:26:34.59,2016-02-03 11:26:34.59,,2016-03-31 00:00:00.0,720.0000,Weigand Construction Upsell,1,0,0,false,57,0,0,none,0,0,Veeravalli
917020,11,lost,0,0,0,0,0,0,0,9,2016-02-03 11:23:50.94,2016-02-03 11:23:50.94,,2016-03-31 00:00:00.0,1440.0000,Ulliman Schutte Upsell,2,0,0,false,57,0,0,none,0,0,Veeravalli
916995,11,lost,0,0,0,0,0,0,0,49,2016-02-03 11:01:29.56,2016-02-03 11:01:29.56,,2016-03-31 00:00:00.0,720.0000,Shook Construction Upsell,1,0,0,false,57,0,0,none,0,0,Veeravalli
916980,11,lost,0,0,0,0,0,0,0,40,2016-02-03 10:49:18.867,2016-02-03 10:49:18.867,,2016-03-31 00:00:00.0,2160.0000,Professional Environmental Engineers Upsell,3,0,0,false,57,0,0,none,0,0,Veeravalli
916964,7,won,0,0,0,4,0,0,0,0,2016-02-03 00:00:00.0,2016-02-03 10:30:45.737,2016-02-03 00:00:00.0,2016-02-22 00:00:00.0,3540.0000,"MB Contractors, Inc.",0,0,0,false,19,0,0,none,0,2,
916957,7,won,0,0,0,0,0,0,0,0,2016-02-03 10:21:45.9,2016-02-03 10:21:45.9,,2016-03-31 00:00:00.0,1440.0000,IMC Construction Upsell,1,0,0,false,57,0,0,none,0,0,Veeravalli
916942,7,won,0,0,1,3,0,0,0,0,2016-02-03 10:04:45.627,2016-02-03 10:04:45.627,2016-02-04 00:00:00.0,2016-03-29 00:00:00.0,10040.0000,Russell Standard Corp.,0,0,0,false,55,0,0,none,0,2,Hughes
916716,7,won,0,0,0,0,0,0,0,0,2016-02-02 15:07:23.43,2016-02-02 15:07:23.43,,2016-03-31 00:00:00.0,720.0000,Freese and Nichols Upsell,1,0,0,false,58,0,0,none,0,0,Veeravalli
916711,11,lost,0,0,0,0,0,0,0,49,2016-02-02 15:01:25.603,2016-02-02 15:01:25.603,,2016-03-31 00:00:00.0,2880.0000,CEI Architecture Upsell,4,0,0,false,58,0,0,none,0,0,Veeravalli
916587,7,won,0,0,0,0,0,0,0,0,2016-02-02 12:51:24.643,2016-02-02 12:51:24.643,,2016-03-29 00:00:00.0,1440.0000,"Bernardin, Lochmueller and Associates Upsell",2,0,0,false,56,0,0,none,0,0,Veeravalli
916579,11,lost,0,0,0,0,0,0,0,50,2016-02-02 12:44:26.76,2016-02-02 12:44:26.76,,2016-03-31 00:00:00.0,720.0000,Albert Kahn Upsell,1,0,0,false,58,0,0,none,0,0,Veeravalli
916570,7,won,0,0,0,0,0,0,0,0,2016-02-02 12:40:00.72,2016-02-02 12:40:00.72,,2016-03-31 00:00:00.0,720.0000,Joeris Upsell,1,0,0,false,58,0,0,none,0,0,Veeravalli
916171,7,won,0,0,0,0,0,0,0,0,2016-02-01 17:13:20.383,2016-02-01 17:13:20.383,,2016-01-31 00:00:00.0,180.0000,JB Henderson Upsell,1,0,0,false,-1,0,0,none,0,0,Veeravalli
915867,11,lost,0,0,0,0,0,0,0,0,2016-02-01 11:54:01.88,2016-02-01 11:54:01.88,,2016-03-31 00:00:00.0,6480.0000,Hunt Companies Upsell,9,0,0,false,59,0,0,none,0,0,Veeravalli
915855,7,won,0,0,2,32,0,0,0,0,2016-02-01 11:44:54.7,2016-02-01 11:44:54.7,2016-02-03 00:00:00.0,2016-03-31 00:00:00.0,23220.0000,MTech Mechanical,0,0,0,false,59,0,0,none,0,3,Hughes
915849,7,won,0,0,2,0,19,0,0,0,2016-02-01 00:00:00.0,2016-02-01 11:34:41.313,2016-02-01 00:00:00.0,2016-02-29 00:00:00.0,3960.0000,MGAC,0,0,0,false,28,0,0,none,0,1,Hughes
915800,7,won,0,0,0,0,0,0,0,0,2016-02-01 10:51:21.363,2016-02-01 10:51:21.363,2016-02-03 00:00:00.0,2016-03-02 00:00:00.0,13500.0000,B&I Contractors,0,0,0,false,30,0,0,none,101-300,2,Hughes
915142,7,won,0,0,0,0,0,0,0,0,2016-01-28 17:45:49.657,2016-01-28 17:45:49.657,,2016-03-31 00:00:00.0,720.0000,Rider Levett Bucknall Upsell,1,0,0,false,63,0,0,none,0,1,Veeravalli
915110,9,lost,0,32,6,0,0,0,0,0,2016-01-28 17:09:15.873,2016-01-28 17:09:15.873,2016-02-03 00:00:00.0,2016-03-31 00:00:00.0,5000.0000,Lear Construction Management Limited,0,0,0,false,63,0,0,none,0,0,
914319,7,won,0,0,0,0,0,0,0,0,2016-01-27 10:45:32.693,2016-01-27 10:45:32.693,,2016-02-26 00:00:00.0,15120.0000,Helix Electric Upsell,21,0,0,false,30,0,0,none,0,3,Veeravalli
914255,7,won,0,0,13,0,85,0,0,0,2016-01-27 09:35:28.617,2016-01-27 09:35:28.617,2016-01-31 00:00:00.0,2016-05-31 00:00:00.0,3000.0000,Steele & Freeman,1,2,0,false,125,0,28,Commit,0,3,Reyna
913908,7,won,0,0,0,0,0,0,0,0,2016-01-26 11:22:04.353,2016-01-26 11:22:04.353,2016-03-31 00:00:00.0,2016-02-24 00:00:00.0,550.0000,Ivey Mechanical Upsell,1,0,0,false,29,0,0,none,0,2,Veeravalli
913650,7,won,0,0,0,0,41,0,0,0,2016-01-25 16:51:28.873,2016-01-25 16:51:28.873,2016-03-31 00:00:00.0,2016-04-06 00:00:00.0,4250.0000,Outside The Lines,0,0,0,false,72,0,0,none,0,3,Hughes
912501,7,won,0,0,0,45,0,0,0,0,2016-01-21 12:14:17.167,2016-01-21 12:14:17.167,2016-01-31 00:00:00.0,2016-04-20 00:00:00.0,8160.0000,"Roeslein & Associates, Inc.",0,0,0,false,90,0,-8,Commit,0,3,Hughes
912281,7,won,0,0,0,18,13,0,0,0,2016-01-20 17:26:44.017,2016-01-20 17:26:44.017,2016-01-31 00:00:00.0,2016-02-29 00:00:00.0,6220.0000,AKS Engineering,0,0,0,false,40,0,0,none,0,1,Hughes
911763,7,won,0,0,0,0,0,0,0,0,2016-01-19 18:19:31.023,2016-01-19 18:19:31.023,,2016-01-19 00:00:00.0,15000.0000,Initial Implementation A&P,0,0,0,false,0,0,0,none,1001+,3,Cornish
911376,7,won,0,0,0,0,0,0,0,0,2016-01-19 10:46:11.95,2016-01-19 10:46:11.95,,2016-02-23 00:00:00.0,2880.0000,Paul J. Ford & Company - Structural Engineers Upsell,4,0,0,false,35,0,0,none,0,1,Veeravalli
911368,7,won,0,0,0,0,0,0,0,0,2016-01-19 10:40:12.09,2016-01-19 10:40:12.09,,2016-02-09 00:00:00.0,2940.0000,"VMDO Architects, P.C. Upsell",0,0,0,false,21,0,0,none,0,1,Veeravalli
910839,7,won,0,0,0,0,0,0,0,0,2016-01-18 10:52:13.98,2016-01-18 10:52:13.98,,2016-02-09 00:00:00.0,1440.0000,"Gray & Pape, Inc. Upsell",2,0,0,false,22,0,0,none,0,1,Veeravalli
910343,7,won,0,0,0,0,24,0,0,0,2016-01-15 11:27:58.74,2016-01-15 11:27:58.74,2016-01-31 00:00:00.0,2016-03-28 00:00:00.0,6380.0000,BBL Campus Facilities,0,0,0,false,73,0,10,none,0,2,Reyna
909220,9,lost,0,0,0,0,0,0,28,0,2016-01-13 10:43:19.91,2016-01-13 10:43:19.91,2016-01-31 00:00:00.0,2016-02-29 00:00:00.0,5000.0000,Oz Directional Drilling,0,0,0,false,47,0,0,none,0,0,Reyna
907706,7,won,0,0,0,0,0,0,0,0,2016-01-08 13:07:41.277,2016-01-08 13:07:41.277,2016-01-31 00:00:00.0,2016-01-31 00:00:00.0,3160.0000,Glumac,0,0,0,false,23,0,0,none,0,1,Hughes
906824,7,won,0,0,7,0,0,0,0,0,2016-01-07 16:03:16.36,2016-01-07 16:03:16.36,2016-01-31 00:00:00.0,2016-02-26 00:00:00.0,6260.0000,Meyer Najem Construction,0,0,0,false,50,0,0,none,0,3,Hughes
906747,7,won,0,0,74,0,0,0,0,0,2016-01-07 14:15:38.283,2016-01-07 14:15:38.283,2016-03-28 00:00:00.0,2016-05-16 00:00:00.0,7600.0000,Faith Group LLC,0,0,0,false,130,0,81,Commit,0,3,Reyna
906551,7,won,0,0,0,14,33,0,0,0,2016-01-07 08:56:25.723,2016-01-07 08:56:25.723,2016-01-31 00:00:00.0,2016-04-04 00:00:00.0,4730.0000,KHS&S,0,0,0,false,88,0,76,none,0,3,Reyna
906125,7,won,0,0,1,1,5,0,0,0,2016-01-06 10:35:15.37,2016-01-06 10:35:15.37,2016-01-31 00:00:00.0,2016-01-22 00:00:00.0,4940.0000,Gibbs Construction,0,0,0,false,16,0,0,none,0,3,Hughes
906043,7,won,0,0,1,0,0,0,0,0,2016-01-06 09:18:10.89,2016-01-06 09:18:10.89,2016-01-31 00:00:00.0,2016-01-07 00:00:00.0,2240.0000,Sverdrup Engineering Services,0,0,0,false,1,0,0,none,0,1,
905867,7,won,0,0,0,0,6,0,0,0,2016-01-05 15:09:06.377,2016-01-05 15:09:06.377,2016-01-31 00:00:00.0,2016-02-26 00:00:00.0,2940.0000,Universal Construction Co. Inc,0,0,0,false,52,0,0,none,0,2,Hughes
905391,11,lost,0,0,0,0,0,0,0,126,2016-01-04 12:36:04.193,2016-01-04 12:36:04.193,2016-01-31 00:00:00.0,2016-05-30 00:00:00.0,46000.0000,Guarantee Electrical,0,0,0,false,147,0,0,none,0,0,Hughes
904150,7,won,0,0,0,0,0,0,0,0,2015-12-29 16:16:43.633,2015-12-29 16:16:43.633,,2015-12-30 00:00:00.0,12540.0000,"Ecotech refrigeration & hvac, Inc.",0,0,0,false,1,0,0,none,31-100,3,Cornish
903145,7,won,0,0,0,0,0,0,0,0,2015-12-22 22:00:45.76,2015-12-22 22:00:45.76,,2016-01-06 00:00:00.0,10000.0000,Alberici Constructors Scoping and Implementation Planning,0,0,0,false,15,0,0,none,1001+,3,Cornish
902641,7,won,0,0,1,19,30,0,0,0,2015-12-22 10:43:09.063,2015-12-22 10:43:09.063,,2016-02-26 00:00:00.0,15680.0000,O'Donnell & Naccarato,0,0,0,false,66,0,0,none,0,3,Hughes
902313,7,won,0,0,0,0,0,0,0,0,2015-12-21 12:28:02.487,2015-12-21 12:28:02.487,,2015-12-21 00:00:00.0,15540.0000,"VMDO Architects, P.C.",0,0,0,false,0,0,0,none,0,0,Veeravalli
902279,7,won,0,0,0,0,0,0,0,0,2015-10-01 00:00:00.0,2015-12-21 11:50:12.767,2015-10-01 00:00:00.0,2016-06-02 00:00:00.0,6120.0000,McAlvain Group of Companies,3,5,0,true,164,0,143,Commit,0,3,Reyna
901936,7,won,0,0,0,0,45,0,0,0,2015-12-18 14:24:59.333,2015-12-18 14:24:59.333,,2016-03-10 00:00:00.0,49650.0000,Sundt - Deltek CRM Replacement,0,0,0,false,83,0,0,none,301-1000,3,Cornish
901601,7,won,0,0,0,0,4,0,0,0,2015-12-17 15:31:29.023,2015-12-17 15:31:29.023,,2015-12-23 00:00:00.0,7910.2400,Howard Shockey & Sons Inc,0,0,0,false,6,0,0,none,0,2,Hughes
901400,7,won,0,0,0,0,0,0,0,0,2015-12-17 09:57:01.817,2015-12-17 09:57:01.817,,2015-12-18 00:00:00.0,2240.0000,J.M. Cope,0,0,0,false,1,0,0,none,0,2,Cornish
901306,7,won,0,0,0,0,0,0,0,0,2015-12-16 17:37:06.43,2015-12-16 17:37:06.43,,2015-12-17 00:00:00.0,2200.0000,Alliance Construction,0,0,0,false,1,0,0,none,0,1,Cornish
901124,7,won,0,0,0,1,0,0,0,0,2015-12-16 13:07:26.47,2015-12-16 13:07:26.47,,2015-12-30 00:00:00.0,6960.0000,Elements Hospitality,0,0,0,false,14,0,0,none,0,2,Cornish
900250,7,won,0,0,0,24,0,0,0,0,2015-12-14 11:13:21.703,2015-12-14 11:13:21.703,,2016-01-14 00:00:00.0,18000.0000,ACIS,0,0,0,false,31,0,0,none,0,3,Hughes
899770,7,won,0,0,0,0,0,0,0,0,2015-12-11 12:51:55.057,2015-12-11 12:51:55.057,,2015-12-11 00:00:00.0,0.0000,Marketlink,0,0,0,false,0,0,0,none,0,0,Rademacher
898297,7,won,0,0,0,0,136,0,0,0,2015-12-07 16:41:53.65,2015-12-07 16:41:53.65,2016-04-12 00:00:00.0,2016-05-10 00:00:00.0,200.0000,BAR Architects Upsell,0,0,0,false,155,0,122,Commit,0,1,Veeravalli
897963,7,won,0,0,0,0,37,0,0,0,2015-12-07 09:13:02.55,2015-12-07 09:13:02.55,,2016-01-19 00:00:00.0,4220.0000,Lunacon,0,0,0,false,43,0,0,none,1-30,3,Cornish
897862,7,won,0,0,0,0,0,0,0,0,2015-12-04 17:19:55.4,2015-12-04 17:19:55.4,,2016-01-11 00:00:00.0,31000.0000,PEC Upsell to Enterprise,0,0,0,false,38,0,0,none,0,0,Cornish
896927,11,lost,0,0,0,0,0,0,0,144,2015-12-03 14:55:52.31,2015-12-03 14:55:52.31,,2016-04-25 17:10:46.06,0.0000,Waterleaf Architecture,0,0,0,false,144,0,0,none,0,0,Reyna
895728,7,won,0,0,0,0,0,0,0,0,2015-12-02 16:01:33.137,2015-12-02 16:01:33.137,,2015-12-02 00:00:00.0,7200.0000,Helix Electric,0,0,0,false,0,0,0,none,0,0,Veeravalli
894935,7,won,0,0,0,72,0,0,0,0,2015-11-30 16:18:30.987,2015-11-30 16:18:30.987,,2016-03-04 00:00:00.0,4780.0000,Maxson Associates,0,0,0,false,95,0,0,none,1-30,3,Reyna
893201,7,won,0,0,0,0,0,0,0,0,2015-11-30 11:02:23.377,2015-11-30 11:02:23.377,,2015-11-30 00:00:00.0,720.0000,Cutler Associates,0,0,0,false,0,0,0,none,0,0,Veeravalli
892870,7,won,0,0,8,0,0,0,0,0,2015-11-25 13:00:57.933,2015-11-25 13:00:57.933,,2015-12-10 00:00:00.0,6920.0000,"E.W. Howell Co., LLC",0,0,0,false,15,0,0,none,0,3,Cornish
890841,11,lost,0,0,0,0,0,0,0,0,2015-11-21 13:28:09.587,2015-11-21 13:28:09.587,,2016-02-27 01:15:02.78,101000.0000,LandCare,0,0,0,false,98,0,11,none,1001+,0,Cornish
890623,7,won,0,0,0,0,0,0,0,0,2015-11-20 13:54:31.84,2015-11-20 13:54:31.84,,2016-02-08 00:00:00.0,2760.0000,Berglund Construction,0,0,0,false,80,0,0,none,0,1,Hughes
889917,9,lost,0,0,0,0,14,0,39,0,2015-11-18 17:03:32.367,2015-11-18 17:03:32.367,,2016-01-31 00:00:00.0,6200.0000,"Pangea Enterprises, Inc.",0,0,0,false,74,0,0,none,301-1000,3,Hughes
889869,7,won,0,0,0,0,0,0,0,0,2015-11-18 15:46:19.51,2015-11-18 15:46:19.51,,2016-02-29 00:00:00.0,10520.0000,Harris Companies,0,0,0,false,103,0,0,none,0,0,Cornish
888798,7,won,0,0,0,0,69,0,0,0,2015-11-16 16:58:53.89,2015-11-16 16:58:53.89,,2016-02-23 00:00:00.0,8825.0000,DBR Inc.,0,0,0,false,99,0,15,none,0,2,Hughes
888206,7,won,0,0,0,0,24,0,0,0,2015-11-16 16:08:54.243,2015-11-16 16:08:54.243,,2015-12-22 00:00:00.0,5968.0000,Settle Muter Electric,0,0,0,false,36,0,0,none,0,3,Rademacher
886900,7,won,0,0,0,0,75,0,0,0,2015-05-12 00:00:00.0,2015-11-11 17:22:12.97,2015-05-12 00:00:00.0,2016-04-29 00:00:00.0,26288.0000,"Haldeman-Homme, Inc",0,0,0,false,170,0,-29,Best Case,0,3,Cornish
884320,7,won,0,0,0,0,9,0,0,0,2015-11-06 15:27:52.67,2015-11-06 15:27:52.67,,2015-11-30 00:00:00.0,5940.0000,O&M Engineering,0,0,0,false,24,0,0,none,0,3,Cornish
883367,7,won,0,0,0,0,98,0,0,0,2015-11-04 10:02:27.41,2015-11-04 10:02:27.41,2016-02-10 00:00:00.0,2016-02-10 00:00:00.0,8400.0000,IBI Group - Houston,0,0,0,false,98,0,0,none,0,1,Hughes
883222,7,won,0,0,0,92,21,0,0,0,2015-11-03 16:11:07.65,2015-11-03 16:11:07.65,,2016-03-15 00:00:00.0,6050.0000,NIKA,0,0,0,false,133,0,15,none,0,1,Hughes
883165,7,won,0,0,0,0,0,0,0,0,2015-11-03 14:18:17.41,2015-11-03 14:18:17.41,,2015-11-13 00:00:00.0,3235.0000,"Bateman-Hall, Inc.",0,0,0,false,10,0,0,none,0,3,Cornish
882846,9,lost,0,0,21,78,9,0,2,0,2015-11-02 17:01:51.287,2015-11-02 17:01:51.287,,2016-04-30 00:00:00.0,32820.0000,Batson-Cook Company,0,0,0,false,180,0,0,none,0,3,Reyna
882816,7,won,0,0,0,0,8,0,0,0,2015-11-02 16:15:47.61,2015-11-02 16:15:47.61,,2015-12-08 00:00:00.0,2440.0000,Donham & Sweeney,0,0,0,false,36,0,0,none,0,2,Rademacher
882669,7,won,0,0,10,0,0,0,0,0,2015-11-02 13:20:44.503,2015-11-02 13:20:44.503,,2015-12-04 00:00:00.0,6760.0000,"Wetland Studies and Solutions, Inc.",0,0,0,false,32,0,0,none,0,3,Rademacher
880856,7,won,0,0,0,0,144,0,0,0,2015-10-29 13:39:51.71,2015-10-29 13:39:51.71,,2016-03-30 00:00:00.0,8945.0000,TL Shield & Associates,0,0,0,false,153,0,0,none,0,3,Reyna
880533,7,won,0,0,0,0,0,0,0,0,2015-10-28 15:31:38.117,2015-10-28 15:31:38.117,,2015-11-12 00:00:00.0,7080.0000,Cho Benn Holback + Associates,0,0,0,false,15,0,0,none,31-100,3,Cornish
880527,7,won,0,0,0,0,53,0,0,0,2015-10-28 15:23:54.307,2015-10-28 15:23:54.307,,2016-01-31 00:00:00.0,6242.0000,The Congress Companies,0,0,0,false,95,0,-7,none,0,3,Hughes
879691,7,won,0,0,2,0,0,0,0,0,2015-10-26 15:34:48.167,2015-10-26 15:34:48.167,,2015-11-11 00:00:00.0,5560.0000,Dynamic Engineering,0,0,0,false,16,0,0,none,0,2,
879373,7,won,0,0,0,0,0,0,0,0,2015-10-26 09:56:43.54,2015-10-26 09:56:43.54,,2015-12-22 00:00:00.0,3400.0000,Powers Brown Architecture,0,0,0,false,57,0,0,none,0,3,Hughes
879191,7,won,0,0,0,0,20,0,0,0,2015-10-23 15:32:11.7,2015-10-23 15:32:11.7,,2015-11-24 00:00:00.0,7060.0000,Spire Consulting Group,0,0,0,false,32,0,0,none,0,3,Cornish
878224,7,won,0,0,0,0,21,0,0,0,2015-10-21 12:49:22.11,2015-10-21 12:49:22.11,,2015-12-04 00:00:00.0,4280.0000,"Epic Land Solutions, Inc.",0,0,0,false,44,0,0,none,0,3,Cornish
877009,7,won,0,0,0,0,66,0,0,0,2015-10-16 13:54:44.453,2015-10-16 13:54:44.453,,2016-02-04 00:00:00.0,12780.0000,Tri-M Group,0,0,0,false,111,0,20,none,0,3,Hughes
876256,7,won,0,0,67,18,4,0,0,0,2015-10-14 14:39:36.45,2015-10-14 14:39:36.45,,2016-01-26 00:00:00.0,9160.0000,Modern Companies,0,0,0,false,104,0,0,none,0,3,Cornish
875766,11,lost,0,0,0,0,0,0,0,0,2015-10-13 12:00:53.257,2015-10-13 12:00:53.257,,2016-05-04 18:28:17.02,0.0000,"Skidmore, Owings & Merrill LLP",0,0,0,false,204,0,0,none,0,0,Reyna
875570,7,won,0,0,0,0,23,0,0,0,2015-10-12 17:41:38.1,2015-10-12 17:41:38.1,,2015-11-17 00:00:00.0,5540.0000,Corporate Contractors  (CCI),0,0,0,false,36,0,0,none,0,3,Cornish
874840,11,lost,0,0,0,0,0,0,0,137,2015-10-09 11:36:52.093,2015-10-09 11:36:52.093,,2016-02-24 09:03:10.543,0.0000,Beth Rollo,0,0,0,false,138,0,0,none,0,0,Reyna
873595,7,won,0,0,0,0,14,0,0,0,2015-10-06 12:54:45.02,2015-10-06 12:54:45.02,,2015-11-13 00:00:00.0,7800.0000,Black Diamond Paving,0,0,0,false,38,0,0,none,0,3,Cornish
873369,7,won,0,0,2,50,35,0,0,0,2015-10-05 16:43:45.12,2015-10-05 16:43:45.12,,2016-01-29 00:00:00.0,6680.0000,IMCO General Construction,0,0,0,false,116,0,0,none,0,3,Hughes
873072,11,lost,0,0,0,0,0,0,0,0,2015-10-05 11:50:05.603,2015-10-05 11:50:05.603,,2015-12-01 16:47:28.773,0.0000,Michele Tortorici,0,0,0,false,57,0,0,none,0,0,Cornish
871970,7,won,0,0,0,0,0,0,0,0,2015-09-30 16:26:44.593,2015-09-30 16:26:44.593,,2015-10-30 00:00:00.0,5040.0000,Weddle Bros Construction,0,0,0,false,30,0,0,none,0,2,Cornish
871153,7,won,0,0,0,0,27,0,0,0,2015-09-29 11:42:22.22,2015-09-29 11:42:22.22,,2016-02-29 00:00:00.0,4000.0000,Verdex Construction,0,0,0,false,153,0,0,none,0,3,Hughes
870310,7,won,0,0,0,0,9,0,0,0,2015-09-25 16:13:35.737,2015-09-25 16:13:35.737,,2015-10-22 00:00:00.0,4560.0000,Prairie Engineers,0,0,0,false,27,0,0,none,0,2,Cornish
870138,7,won,0,0,0,0,18,0,0,0,2015-09-25 12:33:27.827,2015-09-25 12:33:27.827,,2015-10-14 00:00:00.0,4360.0000,Nunn Construction Inc.,0,0,0,false,19,0,0,none,0,3,Cornish
870050,7,won,0,0,0,0,104,0,0,0,2015-09-25 11:03:38.483,2015-09-25 11:03:38.483,,2016-04-25 00:00:00.0,13230.0000,Webcor Builders,0,0,0,false,213,0,-9,Commit,1001+,3,Cornish
869904,7,won,0,0,0,0,54,0,0,0,2015-09-24 16:55:15.79,2015-09-24 16:55:15.79,,2015-11-30 00:00:00.0,9580.0000,Corval Group,0,0,0,false,67,0,0,none,0,3,Cornish
869438,7,won,0,0,0,0,76,0,0,0,2015-09-23 17:28:00.47,2015-09-23 17:28:00.47,,2016-01-04 00:00:00.0,7540.0000,Timberlake Construction,0,0,0,false,103,0,-12,none,0,3,Rademacher
869395,7,won,0,0,0,0,4,0,0,0,2015-09-23 16:26:18.41,2015-09-23 16:26:18.41,,2015-11-06 00:00:00.0,4800.0000,"Alvin E. Benike, Inc.",0,0,0,false,44,0,0,none,0,2,Cornish
869166,7,won,0,0,0,0,0,0,0,0,2015-09-23 08:58:18.08,2015-09-23 08:58:18.08,,2016-01-14 00:00:00.0,76000.0000,Merrick & Company,0,0,0,false,113,0,0,none,0,3,Cornish
868625,7,won,0,0,0,55,156,0,0,0,2015-09-10 00:00:00.0,2015-09-21 16:10:31.213,2015-09-10 00:00:00.0,2016-04-27 00:00:00.0,12570.0000,Bermudez Longo Diaz-Masso LLC,0,0,0,false,219,0,-11,Best Case,301-1000,2,Cornish
868588,7,won,0,0,0,0,0,0,0,0,2015-09-21 15:29:56.383,2015-09-21 15:29:56.383,,2016-01-20 00:00:00.0,3120.0000,Zach Muckleroy,0,0,0,false,121,0,0,none,0,3,Cornish
865727,7,won,0,0,0,0,89,0,0,0,2015-09-11 10:15:18.903,2015-09-11 10:15:18.903,,2016-02-29 00:00:00.0,5660.0000,Welbro Building Corporation,0,0,0,false,171,0,89,none,0,3,Cornish
864931,7,won,0,0,0,15,19,0,0,0,2015-09-09 10:52:10.313,2015-09-09 10:52:10.313,,2015-10-16 00:00:00.0,4700.0000,Bath Engineering,0,0,0,false,37,0,9,none,0,2,Cornish
864739,7,won,0,0,0,0,0,0,0,0,2015-09-08 16:02:50.163,2015-09-08 16:02:50.163,,2015-09-10 00:00:00.0,3820.0000,Myron Stadler,0,0,0,false,2,0,0,none,0,0,Cornish
863733,7,won,0,0,0,0,5,0,0,0,2015-09-03 12:36:34.133,2015-09-03 12:36:34.133,,2015-11-30 00:00:00.0,4170.0000,Rachel Odell,0,0,0,false,88,0,0,none,0,3,Cornish
861718,7,won,0,0,0,19,0,0,0,0,2015-08-27 17:36:25.55,2015-08-27 17:36:25.55,,2015-09-21 00:00:00.0,3700.0000,"Gordon Prill, Inc.",0,0,0,false,25,0,0,none,0,2,Cornish
860692,7,won,0,0,0,0,89,0,0,0,2015-08-25 15:07:46.233,2015-08-25 15:07:46.233,,2015-12-22 00:00:00.0,9180.0000,Mindy Barnowski,0,0,0,false,119,0,87,none,0,3,Cornish
860015,7,won,0,0,0,42,63,0,0,0,2015-08-24 13:18:13.88,2015-08-24 13:18:13.88,2015-09-15 00:00:00.0,2016-04-29 00:00:00.0,15140.0000,Koa Corporation,0,0,0,false,249,0,50,Commit,0,3,Cornish
859372,11,lost,0,0,0,0,41,0,0,46,2015-08-21 09:12:24.727,2015-08-21 09:12:24.727,,2015-12-30 00:00:00.0,0.0000,Lyndsay Woods,0,0,0,false,131,0,0,none,0,2,Cornish
859165,9,lost,0,0,0,0,0,0,255,0,2015-08-20 14:45:27.45,2015-08-20 14:45:27.45,,2016-05-06 15:49:32.543,0.0000,Energy Architecture,0,0,0,false,260,0,0,none,0,2,Reyna
857748,9,lost,0,0,0,0,0,0,0,0,2015-08-17 11:16:27.847,2015-08-17 11:16:27.847,,2016-03-17 21:02:22.517,0.0000,"Clark Nexsen, Inc.",0,0,0,false,213,0,0,none,0,0,Reyna
857582,7,won,0,0,0,0,3,0,0,0,2015-08-14 18:02:20.04,2015-08-14 18:02:20.04,,2016-03-18 00:00:00.0,66500.0000,Albert A. Webb & Associates,0,0,0,false,217,0,-1,none,101-300,3,Cornish
854986,7,won,0,0,0,71,26,0,0,0,2015-08-11 16:08:18.48,2015-08-11 16:08:18.48,,2015-12-16 00:00:00.0,5725.0000,AI Engineers,0,0,0,false,127,0,0,none,0,2,Cornish
854983,11,lost,0,0,0,0,0,0,0,0,2015-08-11 16:00:49.45,2015-08-11 16:00:49.45,,2016-01-31 00:00:00.0,3600.0000,Guidepost adding 5 users,0,0,0,false,173,0,0,none,0,0,Cornish
854797,7,won,0,0,7,0,5,0,0,0,2015-08-11 11:15:10.723,2015-08-11 11:15:10.723,,2015-10-30 00:00:00.0,10000.0000,The Middlesex Corporation,0,0,0,false,80,0,0,none,31-100,3,Cornish
853573,7,won,0,0,0,0,0,0,0,0,2015-08-06 14:58:40.65,2015-08-06 14:58:40.65,,2015-08-18 00:00:00.0,3515.0000,Way Engineering,0,0,0,false,12,0,0,none,0,0,Cornish
853559,7,won,0,0,0,0,9,0,0,0,2015-08-06 14:39:55.35,2015-08-06 14:39:55.35,,2015-09-10 00:00:00.0,6620.0000,Melissa Dyer,0,0,0,false,35,0,18,none,31-100,3,Cornish
853133,7,won,0,0,0,0,3,0,0,0,2015-08-05 15:31:01.867,2015-08-05 15:31:01.867,,2016-03-07 00:00:00.0,13520.0000,"Raba Kistner, Inc.",0,0,0,false,215,0,0,none,31-100,3,Hughes
850330,7,won,0,0,0,259,0,0,0,0,2015-07-28 16:18:26.973,2015-07-28 16:18:26.973,2016-02-01 00:00:00.0,2016-04-19 00:00:00.0,3650.0000,"Wood, Patel & Associates",0,0,0,false,266,0,188,Commit,0,3,Reyna
848130,7,won,0,0,0,0,0,0,0,0,2015-07-22 03:04:15.61,2015-07-22 03:04:15.61,,2015-07-31 00:00:00.0,1505.0000,Greiner Construction,0,0,0,false,9,0,0,none,0,2,Cornish
847740,7,won,0,0,0,0,0,0,0,0,2015-07-21 10:12:58.18,2015-07-21 10:12:58.18,,2015-10-29 00:00:00.0,3333.0000,WTS Architects,0,0,0,false,100,0,3,none,31-100,1,Cornish
847502,7,won,0,0,0,0,6,0,0,0,2015-07-20 14:53:15.98,2015-07-20 14:53:15.98,,2015-09-04 00:00:00.0,5360.0000,Irwin & Leighton,0,0,0,false,46,0,35,none,31-100,0,Hazlett
847322,7,won,0,0,0,0,50,0,0,0,2015-07-20 11:07:38.517,2015-07-20 11:07:38.517,,2015-09-15 00:00:00.0,26205.0000,MMC Corp Upgrade to Enterprise.,0,0,0,false,57,0,0,none,101-300,3,Cornish
846437,7,won,0,0,0,0,0,0,0,0,2015-07-16 11:32:12.61,2015-07-16 11:32:12.61,,2015-11-16 00:00:00.0,11400.0000,PLP Architecture,0,0,0,false,123,0,0,none,31-100,1,Cornish
846152,7,won,0,0,0,0,0,0,0,0,2015-07-15 14:32:07.32,2015-07-15 14:32:07.32,,2016-03-31 00:00:00.0,3600.0000,Brown & Gay - IS there an upgrade here or not?,0,0,0,false,260,0,0,none,0,0,Veeravalli
841905,7,won,0,0,7,0,0,0,0,0,2015-07-02 12:49:23.373,2015-07-02 12:49:23.373,,2016-05-11 00:00:00.0,12900.0000,The Penta Building Group,0,0,0,false,314,0,0,none,0,2,Hughes
841240,7,won,0,0,0,0,45,0,0,0,2015-06-30 14:37:44.5,2015-06-30 14:37:44.5,,2015-09-04 00:00:00.0,3315.0000,Shannon Garcia,0,0,0,false,66,0,0,none,31-100,3,Cornish
841221,7,won,0,0,0,0,17,0,0,0,2015-06-30 13:51:03.077,2015-06-30 13:51:03.077,,2016-02-25 00:00:00.0,46325.0000,Little,0,0,0,false,240,0,0,none,101-300,3,Cornish
839952,7,won,0,0,0,0,68,0,0,0,2015-06-25 17:13:48.827,2015-06-25 17:13:48.827,,2015-12-11 00:00:00.0,7700.0000,Cahill Contractors,0,0,0,false,169,0,0,none,101-300,3,Cornish
838533,7,won,0,0,0,6,0,0,0,0,2015-06-23 11:01:59.467,2015-06-23 11:01:59.467,,2015-07-30 00:00:00.0,4420.0000,A Martini & Co,0,0,0,false,37,0,0,none,101-300,2,Cornish
838114,7,won,0,0,0,0,0,0,0,0,2015-06-22 12:43:16.213,2015-06-22 12:43:16.213,,2015-06-22 00:00:00.0,1580.0000,"Allied Engineering, Inc - Bozeman Montana",0,0,0,false,0,0,-14,none,31-100,1,Cornish
838022,11,lost,0,0,0,0,0,0,0,0,2015-06-22 10:55:50.86,2015-06-22 10:55:50.86,,2016-02-29 00:00:00.0,40000.0000,Chad  Bowerman,0,0,0,false,252,0,0,none,0,0,Cornish
837327,7,won,0,0,54,0,0,0,0,0,2015-06-18 16:33:11.787,2015-06-18 16:33:11.787,,2015-09-10 00:00:00.0,3875.0000,DWL Architects & Planners Inc,0,0,0,false,84,0,0,none,0,1,Cornish
835984,7,won,0,0,0,0,0,0,0,0,2015-06-15 15:30:30.347,2015-06-15 15:30:30.347,,2015-10-05 00:00:00.0,17840.0000,"J. C. Cannistraro, LLC",0,0,0,false,112,0,0,none,0,2,Cornish
835849,7,won,0,0,0,0,38,0,0,0,2015-06-15 12:19:54.863,2015-06-15 12:19:54.863,,2015-12-22 00:00:00.0,15500.0000,WENDEL Companies,0,0,0,false,190,0,0,none,0,2,Hughes
835844,7,won,0,0,0,0,77,0,0,0,2015-06-15 12:16:13.773,2015-06-15 12:16:13.773,,2015-10-16 00:00:00.0,3330.0000,A/Z Corporation - Renee Driscoll,0,0,0,false,123,0,0,none,0,3,Cornish
835349,7,won,0,0,0,0,0,0,0,0,2015-06-12 13:37:12.01,2015-06-12 13:37:12.01,,2015-08-11 00:00:00.0,36000.0000,Ensafe Enterprise,0,0,0,false,60,0,0,none,301-1000,3,Cornish
834475,7,won,0,0,0,0,0,0,0,0,2015-06-10 15:34:52.66,2015-06-10 15:34:52.66,,2015-07-09 00:00:00.0,4000.0000,Dan Rakes,0,0,0,false,29,0,0,none,0,0,Cornish
833971,11,lost,0,0,0,0,53,0,0,78,2015-06-09 15:25:20.727,2015-06-09 15:25:20.727,,2015-10-29 00:00:00.0,1200.0000,Lisa Garcia,0,0,0,false,142,0,0,none,1-30,1,Warren
833833,7,won,0,0,20,44,1,0,0,0,2015-06-09 12:16:47.117,2015-06-09 12:16:47.117,,2015-08-28 00:00:00.0,27925.0000,Flintco,0,0,0,false,80,0,0,none,0,2,Cornish
833269,7,won,1,0,7,0,6,0,0,0,2015-06-08 11:19:33.363,2015-06-08 11:19:33.363,,2015-08-04 00:00:00.0,1720.0000,BES,0,0,0,false,57,0,3,none,0,0,Hazlett
832289,7,won,0,0,0,74,7,0,0,0,2015-06-04 09:37:40.253,2015-06-04 09:37:40.253,,2015-09-08 00:00:00.0,18185.0000,"MDU Construction Services Group, Inc",0,0,0,false,96,0,0,none,301-1000,3,Cornish
831610,7,won,0,0,0,0,63,0,0,0,2015-06-02 17:23:59.473,2015-06-02 17:23:59.473,,2015-08-11 00:00:00.0,6640.0000,Wilson Construction,0,0,0,false,70,0,0,none,101-300,3,Cornish
830794,11,lost,0,0,128,0,0,0,0,186,2015-06-01 13:13:06.797,2015-06-01 13:13:06.797,,2016-04-12 18:21:55.69,0.0000,Ferry Electric,0,0,0,false,316,0,0,none,0,0,Reyna
